table_name,grantee,privileges
accounting_categories,anon,"DELETE, INSERT, REFERENCES, SELECT, TRIGGER, TRUNCATE, UPDATE"
accounting_categories,authenticated,"DELETE, INSERT, REFERENCES, SELECT, TRIGGER, TRUNCATE, UPDATE"
accounting_connections,anon,"DELETE, INSERT, REFERENCES, SELECT, TRIGGER, TRUNCATE, UPDATE"
accounting_connections,authenticated,"DELETE, INSERT, REFERENCES, SELECT, TRIGGER, TRUNCATE, UPDATE"
accounting_imports,anon,"DELETE, INSERT, REFERENCES, SELECT, TRIGGER, TRUNCATE, UPDATE"
accounting_imports,authenticated,"DELETE, INSERT, REFERENCES, SELECT, TRIGGER, TRUNCATE, UPDATE"
accounting_providers,anon,"DELETE, INSERT, REFERENCES, SELECT, TRIGGER, TRUNCATE, UPDATE"
accounting_providers,authenticated,"DELETE, INSERT, REFERENCES, SELECT, TRIGGER, TRUNCATE, UPDATE"
accounting_transactions,anon,"DELETE, INSERT, REFERENCES, SELECT, TRIGGER, TRUNCATE, UPDATE"
accounting_transactions,authenticated,"DELETE, INSERT, REFERENCES, SELECT, TRIGGER, TRUNCATE, UPDATE"
assistant_conversations,anon,"DELETE, INSERT, REFERENCES, SELECT, TRIGGER, TRUNCATE, UPDATE"
assistant_conversations,authenticated,"DELETE, INSERT, REFERENCES, SELECT, TRIGGER, TRUNCATE, UPDATE"
assistant_messages,anon,"DELETE, INSERT, REFERENCES, SELECT, TRIGGER, TRUNCATE, UPDATE"
assistant_messages,authenticated,"DELETE, INSERT, REFERENCES, SELECT, TRIGGER, TRUNCATE, UPDATE"
automation_executions,anon,"DELETE, INSERT, REFERENCES, SELECT, TRIGGER, TRUNCATE, UPDATE"
automation_executions,authenticated,"DELETE, INSERT, REFERENCES, SELECT, TRIGGER, TRUNCATE, UPDATE"
automation_rule_templates,anon,"DELETE, INSERT, REFERENCES, SELECT, TRIGGER, TRUNCATE, UPDATE"
automation_rule_templates,authenticated,"DELETE, INSERT, REFERENCES, SELECT, TRIGGER, TRUNCATE, UPDATE"
automation_rules,anon,"DELETE, INSERT, REFERENCES, SELECT, TRIGGER, TRUNCATE, UPDATE"
automation_rules,authenticated,"DELETE, INSERT, REFERENCES, SELECT, TRIGGER, TRUNCATE, UPDATE"
booking_settings,anon,"DELETE, INSERT, REFERENCES, SELECT, TRIGGER, TRUNCATE, UPDATE"
booking_settings,authenticated,"DELETE, INSERT, REFERENCES, SELECT, TRIGGER, TRUNCATE, UPDATE"
briefing_snapshots,anon,"DELETE, INSERT, REFERENCES, SELECT, TRIGGER, TRUNCATE, UPDATE"
briefing_snapshots,authenticated,"DELETE, INSERT, REFERENCES, SELECT, TRIGGER, TRUNCATE, UPDATE"
business_members,anon,"SELECT, TRIGGER"
business_members,authenticated,"DELETE, INSERT, REFERENCES, SELECT, TRIGGER, TRUNCATE"
business_settings,anon,"DELETE, INSERT, REFERENCES, SELECT, TRIGGER, TRUNCATE, UPDATE"
business_settings,authenticated,"DELETE, INSERT, REFERENCES, SELECT, TRIGGER, TRUNCATE, UPDATE"
businesses,anon,"SELECT, TRIGGER"
businesses,authenticated,"DELETE, INSERT, REFERENCES, SELECT, TRIGGER, TRUNCATE"
calendar_events,anon,"DELETE, INSERT, REFERENCES, SELECT, TRIGGER, TRUNCATE, UPDATE"
calendar_events,authenticated,"DELETE, INSERT, REFERENCES, SELECT, TRIGGER, TRUNCATE, UPDATE"
calendar_sync_state,anon,"DELETE, INSERT, REFERENCES, SELECT, TRIGGER, TRUNCATE, UPDATE"
calendar_sync_state,authenticated,"DELETE, INSERT, REFERENCES, SELECT, TRIGGER, TRUNCATE, UPDATE"
calls,anon,"DELETE, INSERT, REFERENCES, SELECT, TRIGGER, TRUNCATE, UPDATE"
calls,authenticated,"DELETE, INSERT, REFERENCES, SELECT, TRIGGER, TRUNCATE, UPDATE"
email_accounts,anon,"DELETE, INSERT, REFERENCES, SELECT, TRIGGER, TRUNCATE, UPDATE"
email_accounts,authenticated,"DELETE, INSERT, REFERENCES, SELECT, TRIGGER, TRUNCATE, UPDATE"
email_briefings,anon,"DELETE, INSERT, REFERENCES, SELECT, TRIGGER, TRUNCATE, UPDATE"
email_briefings,authenticated,"DELETE, INSERT, REFERENCES, SELECT, TRIGGER, TRUNCATE, UPDATE"
email_connections,anon,"DELETE, INSERT, REFERENCES, SELECT, TRIGGER, TRUNCATE, UPDATE"
email_connections,authenticated,"DELETE, INSERT, REFERENCES, SELECT, TRIGGER, TRUNCATE, UPDATE"
email_drafts,anon,"DELETE, INSERT, REFERENCES, SELECT, TRIGGER, TRUNCATE, UPDATE"
email_drafts,authenticated,"DELETE, INSERT, REFERENCES, SELECT, TRIGGER, TRUNCATE, UPDATE"
email_messages,anon,"DELETE, INSERT, REFERENCES, SELECT, TRIGGER, TRUNCATE, UPDATE"
email_messages,authenticated,"DELETE, INSERT, REFERENCES, SELECT, TRIGGER, TRUNCATE, UPDATE"
email_outbox,anon,"DELETE, INSERT, REFERENCES, SELECT, TRIGGER, TRUNCATE, UPDATE"
email_outbox,authenticated,"DELETE, INSERT, REFERENCES, SELECT, TRIGGER, TRUNCATE, UPDATE"
email_sync_states,anon,"DELETE, INSERT, REFERENCES, SELECT, TRIGGER, TRUNCATE, UPDATE"
email_sync_states,authenticated,"DELETE, INSERT, REFERENCES, SELECT, TRIGGER, TRUNCATE, UPDATE"
executive_meeting_action_items,anon,"DELETE, INSERT, REFERENCES, SELECT, TRIGGER, TRUNCATE, UPDATE"
executive_meeting_action_items,authenticated,"DELETE, INSERT, REFERENCES, SELECT, TRIGGER, TRUNCATE, UPDATE"
executive_meeting_decisions,anon,"DELETE, INSERT, REFERENCES, SELECT, TRIGGER, TRUNCATE, UPDATE"
executive_meeting_decisions,authenticated,"DELETE, INSERT, REFERENCES, SELECT, TRIGGER, TRUNCATE, UPDATE"
executive_meeting_goals,anon,"DELETE, INSERT, REFERENCES, SELECT, TRIGGER, TRUNCATE, UPDATE"
executive_meeting_goals,authenticated,"DELETE, INSERT, REFERENCES, SELECT, TRIGGER, TRUNCATE, UPDATE"
executive_meeting_messages,anon,"DELETE, INSERT, REFERENCES, SELECT, TRIGGER, TRUNCATE, UPDATE"
executive_meeting_messages,authenticated,"DELETE, INSERT, REFERENCES, SELECT, TRIGGER, TRUNCATE, UPDATE"
executive_meeting_settings,anon,"DELETE, INSERT, REFERENCES, SELECT, TRIGGER, TRUNCATE, UPDATE"
executive_meeting_settings,authenticated,"DELETE, INSERT, REFERENCES, SELECT, TRIGGER, TRUNCATE, UPDATE"
executive_meetings,anon,"DELETE, INSERT, REFERENCES, SELECT, TRIGGER, TRUNCATE, UPDATE"
executive_meetings,authenticated,"DELETE, INSERT, REFERENCES, SELECT, TRIGGER, TRUNCATE, UPDATE"
financial_summary_cache,anon,"DELETE, INSERT, REFERENCES, SELECT, TRIGGER, TRUNCATE, UPDATE"
financial_summary_cache,authenticated,"DELETE, INSERT, REFERENCES, SELECT, TRIGGER, TRUNCATE, UPDATE"
integrations,anon,"DELETE, INSERT, REFERENCES, SELECT, TRIGGER, TRUNCATE, UPDATE"
integrations,authenticated,"DELETE, INSERT, REFERENCES, SELECT, TRIGGER, TRUNCATE, UPDATE"
invoice_line_items,authenticated,SELECT
invoices,anon,"DELETE, INSERT, REFERENCES, SELECT, TRIGGER, TRUNCATE, UPDATE"
invoices,authenticated,"DELETE, INSERT, REFERENCES, SELECT, TRIGGER, TRUNCATE, UPDATE"
knowledge_base_items,anon,"DELETE, INSERT, REFERENCES, SELECT, TRIGGER, TRUNCATE, UPDATE"
knowledge_base_items,authenticated,"DELETE, INSERT, REFERENCES, SELECT, TRIGGER, TRUNCATE, UPDATE"
oauth_tokens,anon,"DELETE, INSERT, REFERENCES, SELECT, TRIGGER, TRUNCATE, UPDATE"
oauth_tokens,authenticated,"DELETE, INSERT, REFERENCES, SELECT, TRIGGER, TRUNCATE, UPDATE"
onboarding_checklist,anon,"DELETE, INSERT, REFERENCES, SELECT, TRIGGER, TRUNCATE, UPDATE"
onboarding_checklist,authenticated,"DELETE, INSERT, REFERENCES, SELECT, TRIGGER, TRUNCATE, UPDATE"
onboarding_sessions,anon,"DELETE, INSERT, REFERENCES, SELECT, TRIGGER, TRUNCATE, UPDATE"
onboarding_sessions,authenticated,"DELETE, INSERT, REFERENCES, SELECT, TRIGGER, TRUNCATE, UPDATE"
plan_definitions,anon,"DELETE, INSERT, REFERENCES, SELECT, TRIGGER, TRUNCATE, UPDATE"
plan_definitions,authenticated,"DELETE, INSERT, REFERENCES, SELECT, TRIGGER, TRUNCATE, UPDATE"
platform_admins,anon,"DELETE, INSERT, REFERENCES, SELECT, TRIGGER, TRUNCATE, UPDATE"
platform_admins,authenticated,"DELETE, INSERT, REFERENCES, SELECT, TRIGGER, TRUNCATE, UPDATE"
profiles,anon,"DELETE, INSERT, REFERENCES, SELECT, TRIGGER, TRUNCATE, UPDATE"
profiles,authenticated,"DELETE, INSERT, REFERENCES, SELECT, TRIGGER, TRUNCATE, UPDATE"
quote_line_items,anon,"DELETE, INSERT, REFERENCES, SELECT, TRIGGER, TRUNCATE, UPDATE"
quote_line_items,authenticated,"DELETE, INSERT, REFERENCES, SELECT, TRIGGER, TRUNCATE, UPDATE"
quote_settings,anon,"DELETE, INSERT, REFERENCES, SELECT, TRIGGER, TRUNCATE, UPDATE"
quote_settings,authenticated,"DELETE, INSERT, REFERENCES, SELECT, TRIGGER, TRUNCATE, UPDATE"
quotes,anon,"DELETE, INSERT, REFERENCES, SELECT, TRIGGER, TRUNCATE, UPDATE"
quotes,authenticated,"DELETE, INSERT, REFERENCES, SELECT, TRIGGER, TRUNCATE, UPDATE"
receptionist_call_stats,anon,"DELETE, INSERT, REFERENCES, SELECT, TRIGGER, TRUNCATE, UPDATE"
receptionist_call_stats,authenticated,"DELETE, INSERT, REFERENCES, SELECT, TRIGGER, TRUNCATE, UPDATE"
receptionist_configs,anon,"DELETE, INSERT, REFERENCES, SELECT, TRIGGER, TRUNCATE, UPDATE"
receptionist_configs,authenticated,"DELETE, INSERT, REFERENCES, SELECT, TRIGGER, TRUNCATE, UPDATE"
support_articles,anon,"DELETE, INSERT, REFERENCES, SELECT, TRIGGER, TRUNCATE, UPDATE"
support_articles,authenticated,"DELETE, INSERT, REFERENCES, SELECT, TRIGGER, TRUNCATE, UPDATE"
support_conversations,anon,"DELETE, INSERT, REFERENCES, SELECT, TRIGGER, TRUNCATE, UPDATE"
support_conversations,authenticated,"DELETE, INSERT, REFERENCES, SELECT, TRIGGER, TRUNCATE, UPDATE"
support_messages,anon,"DELETE, INSERT, REFERENCES, SELECT, TRIGGER, TRUNCATE, UPDATE"
support_messages,authenticated,"DELETE, INSERT, REFERENCES, SELECT, TRIGGER, TRUNCATE, UPDATE"
support_stats,anon,"DELETE, INSERT, REFERENCES, SELECT, TRIGGER, TRUNCATE, UPDATE"